ra1,dec1,ra2,dec2,name 
30.975,42.329722,17.432917,35.620556,Andromeda
14.188333,38.499444,17.432917,35.620556,Andromeda
14.188333,38.499444,12.453333,41.078889,Andromeda
9.832083,30.860833,17.432917,35.620556,Andromeda
9.832083,30.860833,2.097083,29.090556,Andromeda
156.787917,-31.067778,149.717917,-35.891111,Antlia
250.769167,-77.5175,248.3625,-78.897222,Apus
221.965,-79.044722,248.3625,-78.897222,Apus
311.919167,-9.495833,322.889583,-5.571111,Aquarius
331.445833,-0.319722,322.889583,-5.571111,Aquarius
331.445833,-0.319722,334.208333,-7.783333,Aquarius
331.609167,-13.869722,334.208333,-7.783333,Aquarius
337.661667,-10.678056,334.208333,-7.783333,Aquarius
337.661667,-10.678056,342.397917,-13.5925,Aquarius
343.6625,-15.820833,342.397917,-13.5925,Aquarius
343.6625,-15.820833,347.361667,-21.1725,Aquarius
331.445833,-0.319722,335.414167,-1.387222,Aquarius
337.20875,-0.02,335.414167,-1.387222,Aquarius
337.20875,-0.02,338.839167,-0.1175,Aquarius
343.15375,-7.579722,338.839167,-0.1175,Aquarius
343.15375,-7.579722,348.972917,-9.087778,Aquarius
350.7425,-20.100556,348.972917,-9.087778,Aquarius
284.905833,15.068333,286.3525,13.863333,Aquila
291.374583,3.114722,286.3525,13.863333,Aquila
291.374583,3.114722,286.562083,-4.8825,Aquila
291.374583,3.114722,298.118333,1.005556,Aquila
302.82625,-0.821389,298.118333,1.005556,Aquila
291.374583,3.114722,297.695833,8.868333,Aquila
296.565,10.613333,297.695833,8.868333,Aquila
298.828333,6.406667,297.695833,8.868333,Aquila
271.657917,-50.091667,261.325,-55.53,Ara
261.348333,-56.3775,261.325,-55.53,Ara
261.348333,-56.3775,262.774583,-60.683889,Ara
252.44625,-59.041389,262.774583,-60.683889,Ara
252.44625,-59.041389,254.655,-55.990278,Ara
262.960417,-49.876111,254.655,-55.990278,Ara
262.960417,-49.876111,271.657917,-50.091667,Ara
42.495833,27.260556,31.793333,23.4625,Aries
28.66,20.808056,31.793333,23.4625,Aries
28.3825,19.295833,28.66,20.808056,Aries
81.572917,28.6075,74.248333,33.166111,Auriga
75.619583,41.075833,74.248333,33.166111,Auriga
75.619583,41.075833,79.1725,45.998056,Auriga
89.882083,44.9475,79.1725,45.998056,Auriga
89.882083,44.9475,89.930417,37.2125,Auriga
81.572917,28.6075,89.930417,37.2125,Auriga
207.369167,15.797778,208.67125,18.397778,Bootes
213.915417,19.1825,208.67125,18.397778,Bootes
213.915417,19.1825,217.9575,30.371389,Bootes
218.019583,38.308333,217.9575,30.371389,Bootes
218.019583,38.308333,225.486667,40.390556,Bootes
228.875833,33.314722,225.486667,40.390556,Bootes
228.875833,33.314722,221.246667,27.074167,Bootes
213.915417,19.1825,221.246667,27.074167,Bootes
213.915417,19.1825,220.287083,13.728333,Bootes
67.70875,-44.953889,70.140417,-41.863889,Caelum
70.514583,-37.144444,70.140417,-41.863889,Caelum
80.639583,79.231111,57.589583,71.332222,Camelopardalis
52.267083,59.940278,57.589583,71.332222,Camelopardalis
52.267083,59.940278,73.5125,66.342778,Camelopardalis
73.5125,66.342778,57.589583,71.332222,Camelopardalis
124.12875,9.185556,131.17125,18.154167,Cancer
134.621667,11.857778,131.17125,18.154167,Cancer
130.82125,21.468611,131.17125,18.154167,Cancer
130.82125,21.468611,131.674167,28.76,Cancer
130.82125,21.468611,125.01625,27.217778,Cancer
194.007083,38.318333,188.435417,41.3575,Canes Venatici
103.5475,-12.038611,105.939583,-15.633333,Canis Major
104.034167,-17.054167,105.939583,-15.633333,Canis Major
103.5475,-12.038611,104.034167,-17.054167,Canis Major
101.287083,-16.716111,104.034167,-17.054167,Canis Major
101.287083,-16.716111,99.170833,-19.255833,Canis Major
95.675,-17.955833,99.170833,-19.255833,Canis Major
98.764167,-22.964722,99.170833,-19.255833,Canis Major
103.554167,-23.928333,99.170833,-19.255833,Canis Major
103.554167,-23.928333,105.429583,-27.934722,Canis Major
104.65625,-28.972222,105.429583,-27.934722,Canis Major
104.65625,-28.972222,102.460417,-32.508611,Canis Major
104.65625,-28.972222,95.078333,-30.063333,Canis Major
107.097917,-26.393333,105.429583,-27.934722,Canis Major
107.097917,-26.393333,108.702917,-26.772778,Canis Major
111.02375,-29.303056,108.702917,-26.772778,Canis Major
107.097917,-26.393333,105.75625,-23.833333,Canis Major
101.287083,-16.716111,105.75625,-23.833333,Canis Major
114.825417,5.225,111.7875,8.289444,Canis Minor
304.51375,-12.544722,305.252917,-14.781389,Capricornus
311.52375,-25.270833,305.252917,-14.781389,Capricornus
316.486667,-17.232778,305.252917,-14.781389,Capricornus
316.486667,-17.232778,312.955417,-26.919167,Capricornus
316.486667,-17.232778,321.666667,-22.411389,Capricornus
316.486667,-17.232778,320.561667,-16.834444,Capricornus
321.666667,-22.411389,320.561667,-16.834444,Capricornus
325.022917,-16.662222,320.561667,-16.834444,Capricornus
325.022917,-16.662222,326.76,-16.127222,Capricornus
95.987917,-52.695833,125.628333,-59.509722,Carina
125.628333,-59.509722,122.383333,-47.336667,Carina
95.987917,-52.695833,99.440417,-43.196111,Carina
130.154167,-59.761111,125.628333,-59.509722,Carina
137.741667,-58.966944,130.154167,-59.761111,Carina
137.741667,-58.966944,130.154167,-59.761111,Carina
137.741667,-58.966944,139.2725,-59.275278,Carina
154.270833,-61.332222,139.2725,-59.275278,Carina
154.270833,-61.332222,156.969583,-58.739444,Carina
163.373333,-58.853333,156.969583,-58.739444,Carina
163.373333,-58.853333,167.1475,-58.975,Carina
160.88375,-60.566667,167.1475,-58.975,Carina
160.88375,-60.566667,160.739167,-64.394444,Carina
153.434167,-70.038056,160.739167,-64.394444,Carina
153.434167,-70.038056,138.3,-69.717222,Carina
28.59875,63.67,21.454167,60.235278,Cassiopeia
14.177083,60.716667,21.454167,60.235278,Cassiopeia
14.177083,60.716667,10.127083,56.537222,Cassiopeia
2.294583,59.149722,10.127083,56.537222,Cassiopeia
173.945,-63.019722,173.690417,-54.264167,Centaurus
182.089583,-50.7225,173.690417,-54.264167,Centaurus
182.089583,-50.7225,187.01,-50.230556,Centaurus
190.379167,-48.959722,187.01,-50.230556,Centaurus
190.379167,-48.959722,208.885,-47.288333,Centaurus
204.971667,-53.466389,208.885,-47.288333,Centaurus
204.971667,-53.466389,210.955833,-60.373056,Centaurus
219.899583,-60.835278,210.955833,-60.373056,Centaurus
209.67,-44.803611,208.885,-47.288333,Centaurus
209.67,-44.803611,207.404167,-42.473889,Centaurus
218.876667,-42.157778,207.404167,-42.473889,Centaurus
218.876667,-42.157778,224.790417,-42.104167,Centaurus
207.37625,-41.687778,207.404167,-42.473889,Centaurus
207.37625,-41.687778,211.670833,-36.37,Centaurus
207.37625,-41.687778,202.76125,-39.4075,Centaurus
200.149167,-36.712222,202.76125,-39.4075,Centaurus
354.836667,77.6325,342.42,66.200556,Cepheus
354.836667,77.6325,322.165,70.560833,Cepheus
342.42,66.200556,322.165,70.560833,Cepheus
342.42,66.200556,332.71375,58.201111,Cepheus
319.645,62.585556,322.165,70.560833,Cepheus
319.645,62.585556,332.71375,58.201111,Cepheus
33.25,8.846667,37.039583,8.46,Cetus
41.235417,10.114167,37.039583,8.46,Cetus
41.235417,10.114167,44.92875,8.9075,Cetus
45.57,4.089722,44.92875,8.9075,Cetus
45.57,4.089722,40.825,3.235833,Cetus
38.96875,5.593333,40.825,3.235833,Cetus
38.96875,5.593333,37.039583,8.46,Cetus
39.870833,0.328611,40.825,3.235833,Cetus
39.870833,0.328611,34.83625,-2.9775,Cetus
39.890833,-11.872222,34.83625,-2.9775,Cetus
39.890833,-11.872222,41.030833,-13.858611,Cetus
38.021667,-15.244722,41.030833,-13.858611,Cetus
38.021667,-15.244722,26.017083,-15.9375,Cetus
10.8975,-17.986667,26.017083,-15.9375,Cetus
10.8975,-17.986667,4.857083,-8.823889,Cetus
10.8975,-17.986667,17.1475,-10.182222,Cetus
21.005833,-8.183333,17.1475,-10.182222,Cetus
21.005833,-8.183333,27.865,-10.335,Cetus
36.4875,-12.290556,27.865,-10.335,Cetus
36.4875,-12.290556,39.890833,-11.872222,Cetus
184.58625,-79.312222,158.867083,-78.607778,Chamaeleon
124.631667,-76.919722,158.867083,-78.607778,Chamaeleon
229.378333,-58.801111,220.626667,-64.975278,Circinus
230.844583,-59.320833,220.626667,-64.975278,Circinus
95.528333,-33.436389,94.137917,-35.140556,Columba
89.384167,-35.283333,94.137917,-35.140556,Columba
89.384167,-35.283333,87.74,-35.768333,Columba
84.912083,-34.074167,87.74,-35.768333,Columba
84.912083,-34.074167,82.802917,-35.470556,Columba
89.786667,-42.815278,87.74,-35.768333,Columba
197.497083,17.529444,197.968333,27.878056,Coma Berenices
186.734583,28.268333,197.968333,27.878056,Coma Berenices
284.070417,-42.710556,285.77875,-42.095278,Corona Australis
287.087083,-40.496667,285.77875,-42.095278,Corona Australis
287.087083,-40.496667,287.507083,-39.340833,Corona Australis
287.367917,-37.904444,287.507083,-39.340833,Corona Australis
287.367917,-37.904444,286.604583,-37.063333,Corona Australis
284.680833,-37.1075,286.604583,-37.063333,Corona Australis
284.680833,-37.1075,284.16875,-37.343333,Corona Australis
280.945417,-38.323611,284.16875,-37.343333,Corona Australis
280.945417,-38.323611,278.089167,-39.703889,Corona Australis
233.2325,31.359167,231.957083,29.105833,Corona Borealis
233.672083,26.714722,231.957083,29.105833,Corona Borealis
233.672083,26.714722,235.685833,26.295556,Corona Borealis
237.39875,26.068333,235.685833,26.295556,Corona Borealis
237.39875,26.068333,239.397083,26.877778,Corona Borealis
240.360833,29.851111,239.397083,26.877778,Corona Borealis
182.103333,-24.728889,182.53125,-22.619722,Corvus
183.951667,-17.541944,182.53125,-22.619722,Corvus
183.951667,-17.541944,187.46625,-16.515556,Corvus
188.596667,-23.396667,187.46625,-16.515556,Corvus
188.596667,-23.396667,182.53125,-22.619722,Corvus
167.914583,-22.825833,164.94375,-18.298889,Crater
169.835417,-14.778611,164.94375,-18.298889,Crater
169.835417,-14.778611,171.220417,-17.683889,Crater
167.914583,-22.825833,171.220417,-17.683889,Crater
176.190833,-18.350833,171.220417,-17.683889,Crater
176.190833,-18.350833,179.00375,-17.150833,Crater
174.170417,-9.802222,179.00375,-17.150833,Crater
174.170417,-9.802222,171.1525,-10.859444,Crater
169.835417,-14.778611,171.1525,-10.859444,Crater
186.649583,-63.099167,187.79125,-57.113333,Crux
183.78625,-58.748889,191.93,-59.688611,Crux
292.680417,27.959722,299.076667,35.083333,Cygnus
305.557083,40.256667,299.076667,35.083333,Cygnus
305.557083,40.256667,310.357917,45.280278,Cygnus
305.557083,40.256667,296.24375,45.130833,Cygnus
292.42625,51.729722,296.24375,45.130833,Cygnus
292.42625,51.729722,289.275833,53.368611,Cygnus
305.557083,40.256667,311.552917,33.970278,Cygnus
318.234167,30.226944,311.552917,33.970278,Cygnus
318.234167,30.226944,326.035833,28.742778,Cygnus
308.303333,11.303333,309.3875,14.595278,Delphinus
310.864583,15.074444,309.3875,14.595278,Delphinus
310.864583,15.074444,311.664583,16.124167,Delphinus
309.909583,15.911944,311.664583,16.124167,Delphinus
309.909583,15.911944,309.3875,14.595278,Delphinus
64.006667,-51.486667,68.499167,-55.045,Dorado
83.40625,-62.489722,68.499167,-55.045,Dorado
83.40625,-62.489722,88.525417,-63.09,Dorado
86.193333,-65.735556,88.525417,-63.09,Dorado
86.193333,-65.735556,83.40625,-62.489722,Dorado
172.850833,69.331111,188.370833,69.788333,Draco
211.097083,64.375833,188.370833,69.788333,Draco
211.097083,64.375833,231.2325,58.966111,Draco
240.472083,58.565278,231.2325,58.966111,Draco
240.472083,58.565278,245.997917,61.514167,Draco
257.196667,65.714722,245.997917,61.514167,Draco
257.196667,65.714722,275.264167,72.732778,Draco
288.8875,73.355556,275.264167,72.732778,Draco
288.8875,73.355556,297.043333,70.267778,Draco
288.13875,67.661667,297.043333,70.267778,Draco
288.13875,67.661667,268.382083,56.872778,Draco
263.066667,55.173056,268.382083,56.872778,Draco
263.066667,55.173056,262.608333,52.301389,Draco
269.151667,51.488889,262.608333,52.301389,Draco
269.151667,51.488889,268.382083,56.872778,Draco
317.585417,10.131667,318.620417,10.006944,Equuleus
320.723333,6.811111,318.620417,10.006944,Equuleus
320.723333,6.811111,318.955833,5.247778,Equuleus
317.585417,10.131667,318.955833,5.247778,Equuleus
69.545,-14.303889,77.286667,-8.754167,Eridanus
77.286667,-8.754167,76.9625,-5.086389,Eridanus
73.22375,-5.452778,76.9625,-5.086389,Eridanus
73.22375,-5.452778,71.375417,-3.254722,Eridanus
69.079583,-3.3525,71.375417,-3.254722,Eridanus
69.079583,-3.3525,55.812083,-9.763333,Eridanus
53.2325,-9.458333,55.812083,-9.763333,Eridanus
53.2325,-9.458333,48.958333,-8.819722,Eridanus
44.107083,-8.898056,48.958333,-8.819722,Eridanus
44.107083,-8.898056,41.275833,-18.5725,Eridanus
45.597917,-23.624444,41.275833,-18.5725,Eridanus
45.597917,-23.624444,49.879167,-21.757778,Eridanus
53.447083,-21.632778,49.879167,-21.757778,Eridanus
53.447083,-21.632778,56.712083,-23.249722,Eridanus
68.8875,-30.562222,56.712083,-23.249722,Eridanus
68.8875,-30.562222,66.009167,-34.016944,Eridanus
64.47375,-33.798333,66.009167,-34.016944,Eridanus
64.47375,-33.798333,57.36375,-36.200278,Eridanus
57.149583,-37.620556,57.36375,-36.200278,Eridanus
57.149583,-37.620556,49.982083,-43.069722,Eridanus
44.565417,-40.304722,49.982083,-43.069722,Eridanus
44.565417,-40.304722,40.166667,-39.855556,Eridanus
39.95,-42.891667,40.166667,-39.855556,Eridanus
39.95,-42.891667,36.74625,-47.703889,Eridanus
34.1275,-51.512222,36.74625,-47.703889,Eridanus
34.1275,-51.512222,28.989583,-51.608889,Eridanus
34.1275,-51.512222,24.42875,-57.236667,Eridanus
42.2725,-32.405833,48.017917,-28.986944,Fornax
101.3225,12.895556,109.523333,16.540278,Gemini
110.030833,21.982222,109.523333,16.540278,Gemini
110.030833,21.982222,106.027083,20.570278,Gemini
99.427917,16.399167,106.027083,20.570278,Gemini
110.030833,21.982222,113.980417,26.895833,Gemini
116.111667,24.398056,113.980417,26.895833,Gemini
116.32875,28.026111,113.980417,26.895833,Gemini
111.431667,27.798056,113.980417,26.895833,Gemini
111.431667,27.798056,107.785,30.245278,Gemini
113.65,31.888333,107.785,30.245278,Gemini
103.197083,33.961111,107.785,30.245278,Gemini
100.982917,25.131111,107.785,30.245278,Gemini
100.982917,25.131111,97.240833,20.212222,Gemini
100.982917,25.131111,95.74,22.513611,Gemini
93.719167,22.506667,95.74,22.513611,Gemini
93.719167,22.506667,91.03,23.263333,Gemini
328.482083,-37.365,331.52875,-39.543333,Grus
332.058333,-46.961111,331.52875,-39.543333,Grus
332.058333,-46.961111,337.3175,-43.495556,Grus
346.72,-43.520556,337.3175,-43.495556,Grus
346.72,-43.520556,347.59,-45.246667,Grus
340.667083,-46.884722,347.59,-45.246667,Grus
340.667083,-46.884722,332.058333,-46.961111,Grus
340.667083,-46.884722,342.13875,-51.316944,Grus
340.667083,-46.884722,345.22,-52.754167,Grus
245.48,19.153056,247.555,21.489722,Hercules
250.321667,31.603056,247.555,21.489722,Hercules
250.321667,31.603056,255.0725,30.926389,Hercules
262.684583,26.110556,255.0725,30.926389,Hercules
262.684583,26.110556,258.757917,24.839167,Hercules
262.684583,26.110556,266.614583,27.720556,Hercules
269.44125,29.247778,266.614583,27.720556,Hercules
269.44125,29.247778,271.885833,28.7625,Hercules
258.761667,36.809167,255.0725,30.926389,Hercules
258.761667,36.809167,259.417917,37.291667,Hercules
260.920833,37.145833,259.417917,37.291667,Hercules
260.920833,37.145833,269.063333,37.250556,Hercules
264.86625,46.006389,269.063333,37.250556,Hercules
258.761667,36.809167,250.724167,38.922222,Hercules
250.321667,31.603056,250.724167,38.922222,Hercules
248.525833,42.436944,250.724167,38.922222,Hercules
248.525833,42.436944,244.935,46.313333,Hercules
242.1925,44.935,244.935,46.313333,Hercules
242.1925,44.935,238.16875,42.451667,Hercules
45.903333,-59.737778,40.165,-54.55,Horologium
63.500417,-42.294444,40.165,-54.55,Horologium
129.689167,3.341389,130.80625,3.398611,Hydra
129.689167,3.341389,129.414167,5.703611,Hydra
131.694167,6.418889,129.414167,5.703611,Hydra
131.694167,6.418889,132.108333,5.837778,Hydra
130.80625,3.398611,132.108333,5.837778,Hydra
133.848333,5.945556,132.108333,5.837778,Hydra
133.848333,5.945556,138.59125,2.314167,Hydra
142.995417,-1.185,138.59125,2.314167,Hydra
142.995417,-1.185,142.287083,-2.768889,Hydra
141.896667,-8.658611,142.287083,-2.768889,Hydra
141.896667,-8.658611,147.869583,-14.846667,Hydra
151.28125,-13.064722,147.869583,-14.846667,Hydra
151.28125,-13.064722,152.647083,-12.354167,Hydra
156.5225,-16.836389,152.647083,-12.354167,Hydra
156.5225,-16.836389,162.40625,-16.193611,Hydra
173.250417,-31.857778,162.40625,-16.193611,Hydra
173.250417,-31.857778,178.2275,-33.908056,Hydra
197.26375,-23.118056,178.2275,-33.908056,Hydra
197.26375,-23.118056,199.730417,-23.171667,Hydra
29.6925,-61.569722,35.437083,-68.659444,Hydrus
39.8975,-68.266944,35.437083,-68.659444,Hydrus
39.8975,-68.266944,56.809583,-74.238889,Hydrus
6.437917,-77.254167,56.809583,-74.238889,Hydrus
309.391667,-47.291389,319.966667,-53.449722,Indus
313.7025,-58.454167,319.966667,-53.449722,Indus
313.7025,-58.454167,309.391667,-47.291389,Indus
333.9925,37.748889,337.622083,43.123333,Lacerta
337.3825,47.706944,337.622083,43.123333,Lacerta
337.3825,47.706944,337.822917,50.2825,Lacerta
335.89,52.229167,337.822917,50.2825,Lacerta
335.89,52.229167,336.129167,49.476389,Lacerta
337.3825,47.706944,336.129167,49.476389,Lacerta
146.462917,23.774167,148.190833,26.006944,Leo
154.1725,23.417222,148.190833,26.006944,Leo
154.1725,23.417222,154.992917,19.841667,Leo
151.833333,16.762778,154.992917,19.841667,Leo
151.833333,16.762778,152.092917,11.967222,Leo
168.56,15.429444,152.092917,11.967222,Leo
168.56,15.429444,177.265,14.571944,Leo
168.527083,20.523611,177.265,14.571944,Leo
168.56,15.429444,168.527083,20.523611,Leo
154.992917,19.841667,168.527083,20.523611,Leo
143.555833,36.3975,151.8575,35.244722,Leo Minor
163.327917,34.215,151.8575,35.244722,Leo Minor
163.327917,34.215,156.970833,36.707222,Leo Minor
151.8575,35.244722,156.970833,36.707222,Leo Minor
91.53875,-14.935278,89.10125,-14.167778,Lepus
86.73875,-14.821944,89.10125,-14.167778,Lepus
86.73875,-14.821944,83.1825,-17.822222,Lepus
87.830417,-20.879167,83.1825,-17.822222,Lepus
87.830417,-20.879167,86.115833,-22.448333,Lepus
82.06125,-20.759444,86.115833,-22.448333,Lepus
82.06125,-20.759444,83.1825,-17.822222,Lepus
82.06125,-20.759444,76.365417,-22.371111,Lepus
78.232917,-16.205556,76.365417,-22.371111,Lepus
78.232917,-16.205556,83.1825,-17.822222,Lepus
78.232917,-16.205556,79.89375,-13.176667,Lepus
79.99625,-12.315556,79.89375,-13.176667,Lepus
78.232917,-16.205556,78.307917,-12.941389,Lepus
78.074583,-11.869167,78.307917,-12.941389,Lepus
238.45625,-16.729444,233.881667,-14.789444,Libra
229.251667,-9.383056,233.881667,-14.789444,Libra
229.251667,-9.383056,222.719583,-16.041667,Libra
226.0175,-25.281944,222.719583,-16.041667,Libra
226.0175,-25.281944,233.881667,-14.789444,Libra
237.739583,-33.627222,241.818333,-36.755556,Lupus
240.030417,-38.396944,241.818333,-36.755556,Lupus
240.030417,-38.396944,237.739583,-33.627222,Lupus
240.030417,-38.396944,233.785417,-41.166944,Lupus
234.513333,-42.5675,233.785417,-41.166944,Lupus
234.513333,-42.5675,228.07125,-52.099167,Lupus
219.471667,-49.425833,228.07125,-52.099167,Lupus
220.4825,-47.388333,228.07125,-52.099167,Lupus
220.4825,-47.388333,216.545,-45.379444,Lupus
220.4825,-47.388333,224.632917,-43.133889,Lupus
230.342917,-40.6475,224.632917,-43.133889,Lupus
230.342917,-40.6475,230.451667,-36.261389,Lupus
230.342917,-40.6475,233.785417,-41.166944,Lupus
140.26375,34.3925,139.71125,36.8025,Lynx
136.6325,38.452222,139.71125,36.8025,Lynx
136.6325,38.452222,135.16,41.782778,Lynx
125.70875,43.188056,135.16,41.782778,Lynx
125.70875,43.188056,111.678333,49.211389,Lynx
104.31875,58.4225,111.678333,49.211389,Lynx
104.31875,58.4225,94.905833,59.010833,Lynx
279.234583,38.783611,281.193333,37.605,Lyra
283.625833,36.898889,281.193333,37.605,Lyra
283.625833,36.898889,284.735833,32.689444,Lyra
282.52,33.362778,284.735833,32.689444,Lyra
282.52,33.362778,281.193333,37.605,Lyra
70.76625,-70.931111,82.970417,-76.341111,Mensa
312.492083,-33.779722,315.322917,-32.257778,Microscopium
319.484583,-32.1725,315.322917,-32.257778,Microscopium
115.311667,-9.551111,122.148333,-2.983889,Monoceros
107.96625,-0.492778,122.148333,-2.983889,Monoceros
107.96625,-0.492778,97.204167,-7.032778,Monoceros
93.71375,-6.274722,97.204167,-7.032778,Monoceros
107.96625,-0.492778,95.942083,4.592778,Monoceros
92.24125,2.499444,95.942083,4.592778,Monoceros
176.401667,-66.728611,191.570417,-68.108056,Musca
189.295833,-69.135556,191.570417,-68.108056,Musca
189.295833,-69.135556,188.116667,-72.133056,Musca
176.401667,-66.728611,188.116667,-72.133056,Musca
246.79625,-47.555,240.80375,-49.229722,Norma
244.96,-50.155556,240.80375,-49.229722,Norma
244.96,-50.155556,246.79625,-47.555,Norma
244.96,-50.155556,243.369583,-54.630556,Norma
240.80375,-49.229722,243.369583,-54.630556,Norma
341.51375,-81.381667,216.72875,-83.667778,Octans
325.36875,-77.39,216.72875,-83.667778,Octans
341.51375,-81.381667,325.36875,-77.39,Octans
262.854167,-23.962778,257.594583,-15.724722,Ophiuchus
249.289583,-10.567222,257.594583,-15.724722,Ophiuchus
249.289583,-10.567222,244.580417,-4.6925,Ophiuchus
254.417083,9.375,244.580417,-4.6925,Ophiuchus
254.417083,9.375,263.73375,12.56,Ophiuchus
265.868333,4.567222,263.73375,12.56,Ophiuchus
265.868333,4.567222,257.594583,-15.724722,Ophiuchus
88.595417,20.276111,90.98,20.138333,Orion
93.01375,16.130556,90.98,20.138333,Orion
93.01375,16.130556,92.985,14.208889,Orion
91.892917,14.768333,92.985,14.208889,Orion
91.892917,14.768333,88.595417,20.276111,Orion
91.892917,14.768333,90.595833,9.6475,Orion
92.985,14.208889,90.595833,9.6475,Orion
88.792917,7.406944,90.595833,9.6475,Orion
88.792917,7.406944,83.784583,9.934167,Orion
81.282917,6.349722,83.784583,9.934167,Orion
81.282917,6.349722,72.46,6.961389,Orion
72.652917,8.900278,72.46,6.961389,Orion
72.652917,8.900278,73.724167,10.150833,Orion
72.801667,5.605,72.46,6.961389,Orion
72.801667,5.605,73.345,2.508056,Orion
74.637083,1.714167,73.345,2.508056,Orion
81.282917,6.349722,83.001667,-0.299167,Orion
84.053333,-1.201944,83.001667,-0.299167,Orion
84.053333,-1.201944,85.189583,-1.942778,Orion
88.792917,7.406944,85.189583,-1.942778,Orion
86.939167,-9.669722,85.189583,-1.942778,Orion
86.939167,-9.669722,78.634583,-8.201667,Orion
83.001667,-0.299167,78.634583,-8.201667,Orion
306.412083,-56.735,321.610833,-65.366111,Pavo
311.239583,-66.203056,321.610833,-65.366111,Pavo
311.239583,-66.203056,302.181667,-66.181944,Pavo
306.412083,-56.735,302.181667,-66.181944,Pavo
300.147917,-72.910556,302.181667,-66.181944,Pavo
300.147917,-72.910556,280.75875,-71.428056,Pavo
284.2375,-67.233611,280.75875,-71.428056,Pavo
284.2375,-67.233611,302.181667,-66.181944,Pavo
284.2375,-67.233611,283.054167,-62.1875,Pavo
275.806667,-61.493889,283.054167,-62.1875,Pavo
275.806667,-61.493889,272.145,-63.668333,Pavo
283.054167,-62.1875,272.145,-63.668333,Pavo
266.433333,-64.723889,272.145,-63.668333,Pavo
326.046667,9.875,332.55,6.197778,Pegasus
340.365417,10.831389,332.55,6.197778,Pegasus
340.365417,10.831389,341.673333,12.172778,Pegasus
346.190417,15.205278,341.673333,12.172778,Pegasus
346.190417,15.205278,3.309167,15.183611,Pegasus
346.190417,15.205278,345.94375,28.082778,Pegasus
2.097083,29.090556,3.309167,15.183611,Pegasus
2.097083,29.090556,345.94375,28.082778,Pegasus
340.750417,30.221389,345.94375,28.082778,Pegasus
340.750417,30.221389,332.306667,33.172222,Pegasus
342.500833,24.601667,345.94375,28.082778,Pegasus
342.500833,24.601667,341.632917,23.565556,Pegasus
331.752917,25.345,341.632917,23.565556,Pegasus
331.752917,25.345,326.16125,25.645,Pegasus
42.674167,55.895556,46.199167,53.506389,Perseus
51.080833,49.861111,46.199167,53.506389,Perseus
51.080833,49.861111,47.042083,40.955556,Perseus
46.294167,38.840278,47.042083,40.955556,Perseus
46.294167,38.840278,42.64625,38.318611,Perseus
51.080833,49.861111,55.73125,47.7875,Perseus
59.463333,40.010278,55.73125,47.7875,Perseus
59.463333,40.010278,59.74125,35.791111,Perseus
58.532917,31.883611,59.74125,35.791111,Perseus
58.532917,31.883611,56.079583,32.288333,Perseus
2.352917,-45.7475,6.570833,-42.306111,Phoenix
6.550833,-43.68,6.570833,-42.306111,Phoenix
2.352917,-45.7475,6.550833,-43.68,Phoenix
22.09125,-43.318333,6.550833,-43.68,Phoenix
22.09125,-43.318333,16.520833,-46.718611,Phoenix
17.09625,-55.245833,16.520833,-46.718611,Phoenix
6.550833,-43.68,16.520833,-46.718611,Phoenix
6.550833,-43.68,16.520833,-46.718611,Phoenix
22.812917,-49.072778,16.520833,-46.718611,Phoenix
22.812917,-49.072778,28.411667,-46.3025,Phoenix
28.411667,-46.3025,16.520833,-46.718611,Phoenix
86.82125,-51.066389,87.457083,-56.166667,Pictor
102.0475,-61.941389,87.457083,-56.166667,Pictor
15.704583,31.804444,19.866667,27.264167,Pisces
15.704583,31.804444,18.437083,24.583611,Pisces
15.704583,31.804444,18.437083,24.583611,Pisces
22.870833,15.345833,18.437083,24.583611,Pisces
22.870833,15.345833,26.348333,9.157778,Pisces
30.511667,2.763611,26.348333,9.157778,Pisces
30.511667,2.763611,28.38875,3.1875,Pisces
25.357917,5.4875,28.38875,3.1875,Pisces
25.357917,5.4875,22.54625,6.143889,Pisces
15.735833,7.89,22.54625,6.143889,Pisces
15.735833,7.89,12.0725,7.3,Pisces
5.149583,8.190278,12.0725,7.3,Pisces
5.149583,8.190278,359.827917,6.863333,Pisces
354.9875,5.626389,359.827917,6.863333,Pisces
354.9875,5.626389,355.511667,1.78,Pisces
351.733333,1.255556,355.511667,1.78,Pisces
351.733333,1.255556,349.29125,3.282222,Pisces
351.992083,6.378889,349.29125,3.282222,Pisces
351.992083,6.378889,354.9875,5.626389,Pisces
19.866667,27.264167,18.437083,24.583611,Pisces
344.412917,-29.622222,340.164167,-27.043611,Piscis Austrinus
330.209167,-28.453611,340.164167,-27.043611,Piscis Austrinus
330.209167,-28.453611,326.934167,-30.898333,Piscis Austrinus
332.536667,-32.548333,326.934167,-30.898333,Piscis Austrinus
332.536667,-32.548333,337.87625,-32.346111,Piscis Austrinus
337.87625,-32.346111,343.987083,-32.539722,Piscis Austrinus
121.885833,-24.304167,117.32375,-24.859722,Puppis
109.285833,-37.0975,117.32375,-24.859722,Puppis
109.285833,-37.0975,99.440417,-43.196111,Puppis
102.484167,-50.614722,99.440417,-43.196111,Puppis
102.484167,-50.614722,112.3075,-43.301389,Puppis
120.89625,-40.003333,112.3075,-43.301389,Puppis
120.89625,-40.003333,122.383333,-47.336667,Puppis
120.89625,-40.003333,121.885833,-24.304167,Puppis
132.632917,-27.71,130.897917,-33.186389,Pyxis
130.025833,-35.308333,130.897917,-33.186389,Pyxis
63.60625,-62.473889,56.05,-64.806944,Reticulum
59.68625,-61.400278,56.05,-64.806944,Reticulum
59.68625,-61.400278,64.120417,-59.301944,Reticulum
63.60625,-62.473889,64.120417,-59.301944,Reticulum
301.289583,19.991111,299.689167,19.492222,Sagitta
296.847083,18.534167,299.689167,19.492222,Sagitta
296.847083,18.534167,295.024167,18.013889,Sagitta
296.847083,18.534167,295.262083,17.476111,Sagitta
290.805,-44.799722,298.815417,-41.868333,Sagittarius
290.971667,-40.616111,298.815417,-41.868333,Sagittarius
299.934167,-35.276389,298.815417,-41.868333,Sagittarius
299.934167,-35.276389,300.664583,-27.709722,Sagittarius
294.007083,-24.719167,300.664583,-27.709722,Sagittarius
294.007083,-24.719167,286.735,-27.670556,Sagittarius
283.81625,-26.296667,286.735,-27.670556,Sagittarius
283.81625,-26.296667,284.4325,-21.106667,Sagittarius
286.170833,-21.741667,284.4325,-21.106667,Sagittarius
286.170833,-21.741667,289.40875,-18.953056,Sagittarius
290.418333,-17.847222,289.40875,-18.953056,Sagittarius
283.81625,-26.296667,281.414167,-26.990833,Sagittarius
276.9925,-25.421667,281.414167,-26.990833,Sagittarius
276.9925,-25.421667,273.440833,-21.058889,Sagittarius
276.9925,-25.421667,275.24875,-29.828056,Sagittarius
281.414167,-26.990833,275.24875,-29.828056,Sagittarius
271.452083,-30.424167,275.24875,-29.828056,Sagittarius
271.452083,-30.424167,266.89,-27.830833,Sagittarius
271.452083,-30.424167,276.042917,-34.384722,Sagittarius
274.406667,-36.761667,276.042917,-34.384722,Sagittarius
275.24875,-29.828056,276.042917,-34.384722,Sagittarius
285.652917,-29.880278,276.042917,-34.384722,Sagittarius
285.652917,-29.880278,281.414167,-26.990833,Sagittarius
285.652917,-29.880278,286.735,-27.670556,Sagittarius
263.402083,-37.103889,265.622083,-39.03,Scorpius
266.89625,-40.126944,265.622083,-39.03,Scorpius
266.89625,-40.126944,264.33,-42.997778,Scorpius
258.038333,-43.239167,264.33,-42.997778,Scorpius
258.038333,-43.239167,253.49875,-42.362222,Scorpius
252.9675,-38.0475,253.49875,-42.362222,Scorpius
252.9675,-38.0475,252.540833,-34.293333,Scorpius
248.970833,-28.216111,252.540833,-34.293333,Scorpius
248.970833,-28.216111,247.351667,-26.431944,Scorpius
239.712917,-26.114167,247.351667,-26.431944,Scorpius
240.083333,-22.621667,247.351667,-26.431944,Scorpius
241.359167,-19.805556,247.351667,-26.431944,Scorpius
349.705833,-32.531944,14.651667,-29.3575,Sculptor
353.242917,-37.818333,14.651667,-29.3575,Sculptor
353.242917,-37.818333,349.705833,-32.531944,Sculptor
281.79375,-4.747778,281.870833,-5.705,Scutum
283.679583,-15.603056,281.870833,-5.705,Scutum
283.679583,-15.603056,277.299583,-14.565833,Scutum
278.801667,-8.244167,277.299583,-14.565833,Scutum
278.801667,-8.244167,281.79375,-4.747778,Scutum
237.405,-3.430278,237.704167,4.477778,Serpens Caput
236.067083,6.425556,237.704167,4.477778,Serpens Caput
236.067083,6.425556,233.700417,10.539167,Serpens Caput
236.547083,15.421944,233.700417,10.539167,Serpens Caput
236.547083,15.421944,239.113333,15.661667,Serpens Caput
237.185,18.141667,239.113333,15.661667,Serpens Caput
237.185,18.141667,236.547083,15.421944,Serpens Caput
260.207083,-12.846944,264.396667,-15.398611,Serpens Cauda
265.35375,-12.875278,264.396667,-15.398611,Serpens Cauda
265.35375,-12.875278,275.3275,-2.898889,Serpens Cauda
284.055,4.203611,275.3275,-2.898889,Serpens Cauda
157.572917,-0.636944,151.984583,-0.371667,Sextans
51.203333,9.028889,60.17,12.490278,Taurus
64.948333,15.6275,60.17,12.490278,Taurus
64.948333,15.6275,65.73375,17.5425,Taurus
57.290417,24.053333,65.73375,17.5425,Taurus
65.73375,17.5425,66.3725,17.928056,Taurus
67.154167,19.180278,66.3725,17.928056,Taurus
67.154167,19.180278,68.98,16.509167,Taurus
67.165417,15.870833,68.98,16.509167,Taurus
67.165417,15.870833,64.948333,15.6275,Taurus
84.41125,21.1425,68.98,16.509167,Taurus
67.154167,19.180278,70.56125,22.956944,Taurus
81.572917,28.6075,70.56125,22.956944,Taurus
276.743333,-45.968333,277.207917,-49.070833,Telescopium
28.270417,29.578889,32.385833,34.987222,Triangulum
34.32875,33.847222,32.385833,34.987222,Triangulum
34.32875,33.847222,28.270417,29.578889,Triangulum
238.785417,-63.430556,252.16625,-69.027778,Triangulum Australe
229.7275,-68.679444,252.16625,-69.027778,Triangulum Australe
229.7275,-68.679444,238.785417,-63.430556,Triangulum Australe
334.625417,-60.259722,349.3575,-58.235833,Tucana
5.017917,-64.874722,349.3575,-58.235833,Tucana
7.89,-62.965833,349.3575,-58.235833,Tucana
206.885,49.313333,200.98125,54.925278,Ursa Major
193.507083,55.959722,200.98125,54.925278,Ursa Major
193.507083,55.959722,183.856667,57.0325,Ursa Major
165.932083,61.750833,183.856667,57.0325,Ursa Major
165.932083,61.750833,142.882083,63.061944,Ursa Major
127.56625,60.718056,142.882083,63.061944,Ursa Major
127.56625,60.718056,147.7475,59.038611,Ursa Major
148.026667,54.064444,147.7475,59.038611,Ursa Major
148.026667,54.064444,143.214167,51.677222,Ursa Major
134.801667,48.041667,143.214167,51.677222,Ursa Major
135.90625,47.156667,143.214167,51.677222,Ursa Major
148.026667,54.064444,165.460417,56.3825,Ursa Major
165.932083,61.750833,165.460417,56.3825,Ursa Major
178.4575,53.694722,165.460417,56.3825,Ursa Major
178.4575,53.694722,183.856667,57.0325,Ursa Major
178.4575,53.694722,176.5125,47.779444,Ursa Major
167.415833,44.498611,176.5125,47.779444,Ursa Major
167.415833,44.498611,155.582083,41.499444,Ursa Major
167.415833,44.498611,154.274167,42.914444,Ursa Major
37.952917,89.264167,263.05375,86.586389,Ursa Minor
251.492083,82.037222,263.05375,86.586389,Ursa Minor
251.492083,82.037222,236.014583,77.794444,Ursa Minor
222.67625,74.155556,236.014583,77.794444,Ursa Minor
222.67625,74.155556,230.182083,71.833889,Ursa Minor
244.37625,75.755278,230.182083,71.833889,Ursa Minor
244.37625,75.755278,236.014583,77.794444,Ursa Minor
122.383333,-47.336667,136.999167,-43.4325,Vela
142.675,-40.466667,136.999167,-43.4325,Vela
142.675,-40.466667,153.684167,-42.121944,Vela
159.325417,-48.225833,153.684167,-42.121944,Vela
159.325417,-48.225833,161.6925,-49.42,Vela
149.215833,-54.567778,161.6925,-49.42,Vela
149.215833,-54.567778,140.528333,-55.010833,Vela
131.175833,-54.708333,140.528333,-55.010833,Vela
131.175833,-54.708333,130.073333,-52.921944,Vela
122.383333,-47.336667,130.073333,-52.921944,Vela
220.765,-5.658333,214.00375,-6.000556,Virgo
213.224167,-10.273611,214.00375,-6.000556,Virgo
213.224167,-10.273611,201.298333,-11.161389,Virgo
203.673333,-0.595833,201.298333,-11.161389,Virgo
203.673333,-0.595833,210.411667,1.544444,Virgo
221.562083,1.892778,210.411667,1.544444,Virgo
203.673333,-0.595833,193.900833,3.3975,Virgo
195.544167,10.959167,193.900833,3.3975,Virgo
190.415,-1.449444,193.900833,3.3975,Virgo
190.415,-1.449444,201.298333,-11.161389,Virgo
190.415,-1.449444,184.976667,-0.666944,Virgo
176.465,6.529444,184.976667,-0.666944,Virgo
115.455,-72.606111,107.187083,-70.498889,Volans
121.9825,-68.617222,107.187083,-70.498889,Volans
121.9825,-68.617222,115.455,-72.606111,Volans
121.9825,-68.617222,126.434167,-66.136944,Volans
121.9825,-68.617222,135.611667,-66.396111,Volans
126.434167,-66.136944,135.611667,-66.396111,Volans
121.9825,-68.617222,109.2075,-67.957222,Volans
292.17625,24.665,300.275417,27.753611,Vulpecula